<?xml version="1.0" encoding="UTF-8" standalone="no"?>
<BlockMap xmlns="http://schemas.microsoft.com/appx/2010/blockmap" xmlns:b4="http://schemas.microsoft.com/appx/2021/blockmap" IgnorableNamespaces="b4" HashMethod="http://www.w3.org/2001/04/xmlenc#sha256"><File Name="AppInstaller.exe" Size="2535936" LfhSize="46"><Block Hash="McUpX/dPmbqfVlMy6O7hsz6gd7PC0OhnXASEH1Jwhsc=" Size="24440"/><Block Hash="lD2Z8upWXdl1E63LIkZx6NsbfmskW3OdeHOb8871ygg=" Size="29032"/><Block Hash="OmVgV4RSS+sLLsnXofVz3E1KclDPBKPsoMrwW+BuJ4Q=" Size="25512"/><Block Hash="hhtanvdDfMQkgg8x03d4xUfBMHgPByi60StjaJO9AsQ=" Size="30222"/><Block Hash="RWGhfWXhETMqjWtspF4mfNTyJ5FvDxAYecYZSsys2X4=" Size="31307"/><Block Hash="aXXmwc+5MO/9h0zpdA56CuColGrSorQhLGI2ac7Fq5A=" Size="27855"/><Block Hash="shNtybW5xwTCApgPfNJuGmU2wMTkXdeE5Zu8y319Kuc=" Size="23755"/><Block Hash="vyWC0BmF8nJ6AFaSlw46NKRHUrcWFL8ZlJFykrJJPzo=" Size="28809"/><Block Hash="7J/7CswziP4VMBZd5A3jmg7I1rCm14S/Ue3r8GA+cnQ=" Size="31774"/><Block Hash="sd8YoWlFo8NaFLmR1Yo3ifxIRVxH4nsgRjvwwccwkFU=" Size="28439"/><Block Hash="Gs7wur/IlDUKv4jSnWlGuNHKCmaVc002RnhWMvZIE9w=" Size="28330"/><Block Hash="jQ0sibljK24O4NIyRwj7LyNYK310ita5GRo3bTZfJig=" Size="28038"/><Block Hash="4vy9JRYQlEI3PYrrncdssWY3w3kXDL2+6tnxAdL4B3o=" Size="32728"/><Block Hash="eo3LZQ4WCz2Qy+2gVwIHDdwLB0n6rR6+kkRwQErfyyU=" Size="28861"/><Block Hash="D1q28t88I+4LVQKu1YLQ8OIE7t/lPyuOUYBIhYutqsY=" Size="23786"/><Block Hash="gtQXdg+xcIeRSX0nOeHurGx475DQTNVOD8vOCE+q1Ds=" Size="26234"/><Block Hash="WtwiWiOW9ILLPXqB5e++SbHaEoy7bgLDw9XlRzBwJXc=" Size="20612"/><Block Hash="4cDXrvR9w6sDmIeNWPBuB3PeLbj4RI7UJDcf5RLVJP8=" Size="19720"/><Block Hash="tQpefhgDPLhWevseUwBGKIrfdGnMotvRjK+ekSKajhw=" Size="20825"/><Block Hash="6DyOxUWayK5BK3PcsuOU6OzOWGmXwVKli393cNkXEOA=" Size="19763"/><Block Hash="tZkjp6YjvMtbuthaFHYioasMwGVW6Zl09qGuzadnOfg=" Size="17745"/><Block Hash="1f6yv3dd8/b1CsXZhPq065uRF3Io3KiYUcwB7dvRKyw=" Size="19944"/><Block Hash="2MXy0POSgtaTKneVG3D+SREYra4LWdAkS2Y4U/bBvxc=" Size="20303"/><Block Hash="ow6jYJQZGwRcSv9VsdWPllXDXMfnfvLBxmkibH80PBk=" Size="22911"/><Block Hash="W6VbwXa20/KgN8mnHhzCQHnjGIj1zgLtjt7j7TTD8eE=" Size="20026"/><Block Hash="C3tFIqBBXaiXQDlo+56fm3ZFsMPRh5BUKxGdNsZEs94=" Size="21556"/><Block Hash="aU1+HgP77Gkr0cu1Rv6YUdXPhb0hEyAfwxADLPJGhs4=" Size="16551"/><Block Hash="yg9IfoK+LhwATgdiLaPuyz41/YGUsIkN04m0OoeXQjw=" Size="14683"/><Block Hash="k7jZd4YsQbyvNu512eULA/Expd4zBRCTjKhSEjVnkOU=" Size="9595"/><Block Hash="ISITI5KijnjcZNDBxMkWitNZaskClWEtOoBePderwk4=" Size="9609"/><Block Hash="7JIyPXDULKSmwWV5ftD1dOU39OKE73q/aczUWgGV63o=" Size="10872"/><Block Hash="/mL4EskvgA4f6doBAlZ8bQeqqXpgorQ8bVcWnT4awTE=" Size="32203"/><Block Hash="S2JymkVaGgO2ezFsWQtgFczPCTXwwZR6PrlqzRAB4NU=" Size="30043"/><Block Hash="SyxuGqJaHwyDGeLt4l+4FrYEwWESmnGX9IRPDtl1HjA=" Size="5103"/><Block Hash="dR51z+Ishy1L+wV1vOHG2AK5r8qodfxmln2izwS0R/A=" Size="4427"/><Block Hash="N0nEdpT0xEhtrikjhGNlSPkrkIFPyiWXzEoFzLuNNFI=" Size="4436"/><Block Hash="6CG0reBXnE04tOc4ren1ZWdJ3i74WZqvtjNVM9IkL+Y=" Size="5677"/><Block Hash="MIELkbNAdvVeq8mupymXU49jn+Y4e4x+SfMEVNCzWaY=" Size="19494"/><Block Hash="mZfRACtaxwS70ASY3y/OEvpCHZQcydlommnkI3cfbvA=" Size="18305"/><b4:FileHash Hash="aeQkwoZbf3yT9qn/mkR9M/EmQhwxgw44VoW8UIlD834="/></File><File Name="AppInstaller.winmd" Size="7680" LfhSize="48"><Block Hash="JqwPgIyta5UvkxeFe40/wZXP+aKxBZGqXNmQ44HQkJo=" Size="2919"/></File><File Name="AppInstaller.sccd" Size="15058" LfhSize="47"><Block Hash="FxBV3Waiwr65vrBqYVCF6ee38RDfmTS3x4bw7WCawSQ=" Size="8652"/></File><File Name="AppInstallerBackgroundTasks.dll" Size="108032" LfhSize="61"><Block Hash="60nivtzdq1NYlOEVlHG7pdAAOXmuZk9gqnz8QWJnGMs=" Size="28615"/><Block Hash="JzPXPR5yMJsQbWSlc63coO/BbaJkjQtvbNbyj4OxtB8=" Size="11591"/><b4:FileHash Hash="OogkhCvq0D8k9JOuBHEMH3MVzjD/3UhyTSwcJHylGgU="/></File><File Name="AppInstallerBackgroundTasks.winmd" Size="2560" LfhSize="63"><Block Hash="vux0i/G6dIVoftJkTRiQZgtZRMbycGKDfmMN0HIPIR0=" Size="896"/></File><File Name="AppInstallerCLI.exe" Size="2978304" LfhSize="49"><Block Hash="QmovrqzTmcBed8FcaWcR+E03Cby0yPrPqPXMubY+aRA=" Size="31064"/><Block Hash="CQv+Y9/aIr8AT2ZhTfSzoaCojkOnM4j4sXptxh4Fxfo=" Size="30563"/><Block Hash="AVGFnioA35sFLLlc0/KEw4Dw2Os4IDlyuJjZZ8gj+28=" Size="30467"/><Block Hash="88mvtL/NL5SvP1rSHsgQQLcA4FL6swhvnkQ2bpNIJrg=" Size="28386"/><Block Hash="rlMUG+Zmm1TLvvp+4Vpmz/J2rXpjzZ+suD77IJEbcrI=" Size="30597"/><Block Hash="KYPA3ieRi8l1Dt9MqT8GF36qJ1Jl14mWkwWRUx8EvMg=" Size="30946"/><Block Hash="MEMmF4+VnncXIFbTqGeFcobSzAkTWv91FtTNATz8krw=" Size="30984"/><Block Hash="kgt5RvZVP4/n5nWJghmrtmNqQYlw/a98NVP6LClUbfA=" Size="27458"/><Block Hash="KZlLslte7XiKOzEqwcFt/Qt2AwLx7VchUlTH+Ry/29c=" Size="32132"/><Block Hash="9ZuNqmwa09kXwzB5cQtSF8/uR287rX4KEsx2n/FxbOI=" Size="33965"/><Block Hash="FHfxFKN7vg+qA/MXl0jt0sEYoN0qwjBXSCUJi9j+RAQ=" Size="26609"/><Block Hash="i20hFfVxXFkW4iBoRaCaWDrjRc7etgWarXZchXphccE=" Size="31467"/><Block Hash="oQlNrXqYTfezC5DhnBF3lHpscZjMd6yZPalL+Cb9KNM=" Size="32419"/><Block Hash="Kh+9aRJzkUqam+tQBX5AU+j1/WfYqVSFQrkxaEuME7E=" Size="24663"/><Block Hash="9EWw+Mr3Z2lPAYyq8Lia6fkqkf1ZLcG3AsBSsPtTIX4=" Size="31134"/><Block Hash="90LXRrWEF5hLlxpjELQ9E4kZxDb1qZUd3dvzZSAvEvU=" Size="30207"/><Block Hash="JEG+KdN/U/ficG7ewInh08rp0r4IDUeejv0ojnQ5QOw=" Size="29323"/><Block Hash="DSM6OhHIs9wRLnO7KVE1U7tzlUamfaG+XHvaQyaSIz8=" Size="19598"/><Block Hash="+3T2wGLCjZRFGOn63FCoyW6j/sq/TBk4w+dDZGyGj2E=" Size="32161"/><Block Hash="t22ZMXuZ3+OGkLgfKp7GmzT1D93a+j+BrEu3cgCVcoQ=" Size="32250"/><Block Hash="YLtvXKC155SQ4nF3VAxcgZ0VmIdlHc8AFBrL2IY46M4=" Size="27638"/><Block Hash="O7+nmdDHi2uKSHKt2CUdwbYKI6J/PLYlvjcQQyl8Gug=" Size="31571"/><Block Hash="k5AP/7F7a65PKi5J/aYe5h3LNzrYVW+FyjmNsZwY1ow=" Size="31095"/><Block Hash="hfm5IL4wh7Nz8RvI3fiBYlT4ZNMwCF3ISmuJWog7rrA=" Size="30082"/><Block Hash="yzbeEtM+c946spYz4dINnTs23PV3w8r6sNpqDzHF/0E=" Size="30344"/><Block Hash="AeLLtHZdPWXZ0UILKqVM1/R4tkeOQxxQl48QlzudtQo=" Size="23365"/><Block Hash="kuiThE7KEBQcsGtlXN2grO2ILfEF4wERbod/3xGfYeM=" Size="28412"/><Block Hash="P+hPniK/XUJ8gY8d9r17KhXi5QgtIM6LBIFSgfKp3mk=" Size="26043"/><Block Hash="/G3MfaQYg8S7JZh+dTdfPZzA+0tPrM8XfS4uiz+XRJw=" Size="31455"/><Block Hash="2NGL4a8g3WqNUCOqHrtpYu+A7fxhmgccK5r9LgJcYDg=" Size="23882"/><Block Hash="AL3YK+8KTfJBwX2//Ld1R65BDuSVzike4b7k9/Sku/k=" Size="23383"/><Block Hash="5LnhrBvWAUPnvuKxPuFtyh18cCbxNhybO9YBzjrE1Gk=" Size="22787"/><Block Hash="cqVqFlMe8IVKt25BCitxtttTj4t1wNPoKYR/LOKHCdk=" Size="19127"/><Block Hash="emyxuVbiUerWi+nF3MHzhsRXo/9eX/sA5+18Xmkjv4g=" Size="19293"/><Block Hash="ckPKgJ2jM0qLFoTa2pVVhiWTakaGQectbW6MRCcqwOU=" Size="15580"/><Block Hash="78TSfZJzLBE2Aw+i5WsvGGeDwAURSs16svGd5pM3+7o=" Size="11353"/><Block Hash="mzq9feRG4Iqd842imn/zu7/jARDH0G2YmG+WAB5mnkw=" Size="34913"/><Block Hash="RKsa8VuqYcREfSgQIUntTcx4KqVouVCFocQRdzEeJTw=" Size="35128"/><Block Hash="hMZA8fwAmGgPFKQj1u0IRV4+k9Dpg637Fjv/EXbWyqM=" Size="34774"/><Block Hash="n8015DszsTb1crt/bbhANIrJSlB88vc1qernEj9Ri7U=" Size="24074"/><Block Hash="pM6MU6EHcPipn5JEgy3uTEdXov8fkTOCPTDNFRStnHw=" Size="7791"/><Block Hash="bOPSF9oQrYCaKcjSNA9Pyl4tuuJarntb16wY8pQZ9cU=" Size="6887"/><Block Hash="3HfEZJ1rQOKVLCzQqnWoY8k3zpuOdMUI+bKKX0doU2c=" Size="30882"/><Block Hash="Bp4Q6b6VxVj8zUz3o249a5wywsLfjnC8oRG/kbB3Y5s=" Size="17428"/><Block Hash="BBIp5BBA7boBo7Ocp1XLhHLgOSXYL2nryrp4IVQGiq0=" Size="5009"/><Block Hash="sxhYxzIy+GR1v3Q6b9MUm21TKJNYwFPBiBw+hLQ2wnE=" Size="6590"/><b4:FileHash Hash="wjbmQHLBk2HttKYfmTOE7EvHxADfRjNxk4rqEwgLeg8="/></File><File Name="AppInstallerElevatedAppServiceClient.exe" Size="314368" LfhSize="70"><Block Hash="dnelkNMGfMQqKBqTtXFOpBBo7FT2PVubd/dpC17to6Q=" Size="28682"/><Block Hash="FyuKwGdXMSXXG2PEb4/ezc7NLGUv+aL1hP6drojeimE=" Size="23100"/><Block Hash="3xV9ezjo4KBfLWjA0ruMJNKrXacYfH36cFWcnG64TwM=" Size="7068"/><Block Hash="B7demhOVFbvmhWlGUwZoYguecBKbp7TxObwl30HOmIQ=" Size="4177"/><Block Hash="QSGhceM1GuQoImY/ii9XNb5hzp0TYMhpYPSZLFw04ls=" Size="3710"/><b4:FileHash Hash="ncV97V1IUO/VbXt+PS5HccBvpK2I6RoCPVQPhBUNiBA="/></File><File Name="AppInstallerPythonRedirector.exe" Size="275968" LfhSize="62"><Block Hash="vLhvkA1nHXAtNQBzX6cwsPsXXvWR9ScQx6ch50O1oTk=" Size="30004"/><Block Hash="k0fzXLR0V1fcTS2e4HuE7dzMxQ+U3XzKUagWZk926xw=" Size="30960"/><Block Hash="2DGYgiplpvjhf1y9BuYrHyksZkwp703X+1kpKSUHL1I=" Size="28938"/><Block Hash="Ks5j+IQTeIJqfOHx8e+OTmIpwrW0mJfQrNoC5R28MZI=" Size="37038"/><Block Hash="nrTvcgDREsYw4goSNMzILaq68Py+KY9gQAy8L9/DGwM=" Size="4296"/><b4:FileHash Hash="0SoolV/qHVES7EddYWu+pRxGjzjv7wpnIM60Jri/n0M="/></File><File Name="Assets\256x256.png" Size="8615" LfhSize="48"><Block Hash="5kAXOjfaoBYxYxl6Wd3VuE/lpGu9tt/ug90P463M64E="/></File><File Name="Assets\AppPackageAppList.scale-200.png" Size="467" LfhSize="68"><Block Hash="7i8xkh0Al1rx/cTVjEV5EJDkuqM2Z+A2LJu5c6j7zN4="/></File><File Name="Assets\AppPackageAppList.targetsize-16.png" Size="185" LfhSize="72"><Block Hash="HR++j/OaaOAkHcUrzLAs5TJEaafIAYUGDV2CqOsvMk4="/></File><File Name="Assets\AppPackageAppList.targetsize-16_altform-unplated.png" Size="185" LfhSize="89"><Block Hash="HR++j/OaaOAkHcUrzLAs5TJEaafIAYUGDV2CqOsvMk4="/></File><File Name="Assets\AppPackageAppList.targetsize-20_altform-unplated.png" Size="215" LfhSize="89"><Block Hash="pO9UmnYaIe29VRJHRVGjAxTN26jtT9NI4r26hca7cQE="/></File><File Name="Assets\AppPackageAppList.targetsize-24.png" Size="227" LfhSize="72"><Block Hash="sadRuj8MfGMarraJEW9GnUcY3iekobWrAQzSiUGMQjc="/></File><File Name="Assets\AppPackageAppList.targetsize-20.png" Size="215" LfhSize="72"><Block Hash="pO9UmnYaIe29VRJHRVGjAxTN26jtT9NI4r26hca7cQE="/></File><File Name="Assets\AppPackageAppList.targetsize-24_altform-unplated.png" Size="227" LfhSize="89"><Block Hash="sadRuj8MfGMarraJEW9GnUcY3iekobWrAQzSiUGMQjc="/></File><File Name="Assets\AppPackageAppList.targetsize-256.png" Size="1684" LfhSize="73"><Block Hash="ZPPUVoAhpaVDpga8YLy57ifOGd993f1aJwRZ5MW+RlI="/></File><File Name="Assets\AppPackageAppList.targetsize-30.png" Size="271" LfhSize="72"><Block Hash="veb5ZwXifuaV6AmHds6SX+NRmIusCYT1rutsYMIPwL4="/></File><File Name="Assets\AppPackageAppList.targetsize-30_altform-unplated.png" Size="271" LfhSize="89"><Block Hash="veb5ZwXifuaV6AmHds6SX+NRmIusCYT1rutsYMIPwL4="/></File><File Name="Assets\AppPackageAppList.targetsize-256_altform-unplated.png" Size="1684" LfhSize="90"><Block Hash="ZPPUVoAhpaVDpga8YLy57ifOGd993f1aJwRZ5MW+RlI="/></File><File Name="Assets\AppPackageAppList.targetsize-32.png" Size="276" LfhSize="72"><Block Hash="QefD0JsJ+l0EiIvQvI8qKz3pMf+CZfwK7rpt8YWJeXE="/></File><File Name="Assets\AppPackageAppList.targetsize-32_altform-unplated.png" Size="276" LfhSize="89"><Block Hash="QefD0JsJ+l0EiIvQvI8qKz3pMf+CZfwK7rpt8YWJeXE="/></File><File Name="Assets\AppPackageAppList.targetsize-36.png" Size="302" LfhSize="72"><Block Hash="W6zksYGnGt078+mbv0TvyYAOShkAXkWvd2dq9SEUr8Q="/></File><File Name="Assets\AppPackageAppList.targetsize-40.png" Size="326" LfhSize="72"><Block Hash="9E/KGKQCB5fLZy27tQBd73r3EQe2ASbgb7FOKTmUz38="/></File><File Name="Assets\AppPackageAppList.targetsize-40_altform-unplated.png" Size="326" LfhSize="89"><Block Hash="9E/KGKQCB5fLZy27tQBd73r3EQe2ASbgb7FOKTmUz38="/></File><File Name="Assets\AppPackageAppList.targetsize-36_altform-unplated.png" Size="302" LfhSize="89"><Block Hash="W6zksYGnGt078+mbv0TvyYAOShkAXkWvd2dq9SEUr8Q="/></File><File Name="Assets\AppPackageAppList.targetsize-48_altform-unplated.png" Size="368" LfhSize="89"><Block Hash="+yEcoWcl9kD8LnRUME8sTaNO2zSD0wZeqMCHWIKLqec="/></File><File Name="Assets\AppPackageAppList.targetsize-60.png" Size="436" LfhSize="72"><Block Hash="WeNY2yR6oR5ASbmnr3XsF049iGaPF2SH0GVfZdI5oPc="/></File><File Name="Assets\AppPackageAppList.targetsize-48.png" Size="368" LfhSize="72"><Block Hash="+yEcoWcl9kD8LnRUME8sTaNO2zSD0wZeqMCHWIKLqec="/></File><File Name="Assets\AppPackageAppList.targetsize-64.png" Size="412" LfhSize="72"><Block Hash="qJbU1f2nvrEsxQuqdPL9rVok7b0/+RCF+ExhujKRIEw="/></File><File Name="Assets\AppPackageAppList.targetsize-60_altform-unplated.png" Size="436" LfhSize="89"><Block Hash="WeNY2yR6oR5ASbmnr3XsF049iGaPF2SH0GVfZdI5oPc="/></File><File Name="Assets\AppPackageAppList.targetsize-64_altform-unplated.png" Size="412" LfhSize="89"><Block Hash="qJbU1f2nvrEsxQuqdPL9rVok7b0/+RCF+ExhujKRIEw="/></File><File Name="Assets\AppPackageAppList.targetsize-72.png" Size="486" LfhSize="72"><Block Hash="VTnCVowymQWabj+o90weFU6/ZGjeN6Q9f8LCaByHdhE="/></File><File Name="Assets\AppPackageAppList.targetsize-72_altform-unplated.png" Size="486" LfhSize="89"><Block Hash="VTnCVowymQWabj+o90weFU6/ZGjeN6Q9f8LCaByHdhE="/></File><File Name="Assets\AppPackageAppList.targetsize-80_altform-unplated.png" Size="505" LfhSize="89"><Block Hash="fpvrVHixcSCKdtt3wHBRJgHRE3ftc3J59k4KP46jjsM="/></File><File Name="Assets\AppPackageAppList.targetsize-96.png" Size="663" LfhSize="72"><Block Hash="tfeyDKMrEkkb62Co9vYTc1FYamlWdwoVObgUJ7LPQrM="/></File><File Name="Assets\AppPackageAppList.targetsize-80.png" Size="505" LfhSize="72"><Block Hash="fpvrVHixcSCKdtt3wHBRJgHRE3ftc3J59k4KP46jjsM="/></File><File Name="Assets\AppPackageBadgeLogo.scale-200.png" Size="368" LfhSize="70"><Block Hash="+yEcoWcl9kD8LnRUME8sTaNO2zSD0wZeqMCHWIKLqec="/></File><File Name="Assets\AppPackageAppList.targetsize-96_altform-unplated.png" Size="663" LfhSize="89"><Block Hash="tfeyDKMrEkkb62Co9vYTc1FYamlWdwoVObgUJ7LPQrM="/></File><File Name="Assets\AppPackageMedTile.scale-200.png" Size="1113" LfhSize="68"><Block Hash="0YyrGFIysOVrVhw1a38uAwBD4xxOPs0UUrwB1nxeTHo="/></File><File Name="Assets\AppPackageSmallTile.scale-200.png" Size="636" LfhSize="70"><Block Hash="OZUofihxnlSM/ZRLk5W1D10/UOeKPg3hcQctWNUIi8I="/></File><File Name="Assets\AppPackageLargeTile.scale-200.png" Size="2522" LfhSize="70"><Block Hash="JYHWJYQZ2T5SvTCiLeQAsh0g99hsj/DFlX4drNjcujU="/></File><File Name="Assets\AppPackageSplashScreen.scale-200.png" Size="3246" LfhSize="73"><Block Hash="gxwqL43wEN688Zb+lg2OSs53h8hbP2C5kl7HsWIK3vQ="/></File><File Name="Assets\AppPackageStoreLogo.scale-200.png" Size="494" LfhSize="70"><Block Hash="5cUJcGhUfqKMqydVnrUO0ASeNSE3Z8a4PL7vdBFUtw4="/></File><File Name="Assets\AppPackageWideTile.scale-200.png" Size="1330" LfhSize="69"><Block Hash="tHSojnxx3Ja8zDFr7yGRwakQXkmvF1ijH4QfHnsuCKU="/></File><File Name="Assets\CertOriginTrusted.png" Size="23834" LfhSize="58"><Block Hash="yNklD3bTMOutWPU1MSglf29gdBBAxgrk9ySNFPDRVIg="/></File><File Name="Assets\contrast-black\AppPackageAppList.scale-200_contrast-black.png" Size="467" LfhSize="98"><Block Hash="7i8xkh0Al1rx/cTVjEV5EJDkuqM2Z+A2LJu5c6j7zN4="/></File><File Name="Assets\CertOriginUntrusted.png" Size="20891" LfhSize="60"><Block Hash="fADdR1NAYKcdoFI2MIF6a8otuXLL8bZOcaqkxY+zuLA="/></File><File Name="Assets\contrast-black\AppPackageAppList.targetsize-16_altform-unplated_contrast-black.png" Size="185" LfhSize="119"><Block Hash="HR++j/OaaOAkHcUrzLAs5TJEaafIAYUGDV2CqOsvMk4="/></File><File Name="Assets\contrast-black\AppPackageAppList.targetsize-16_contrast-black.png" Size="185" LfhSize="102"><Block Hash="HR++j/OaaOAkHcUrzLAs5TJEaafIAYUGDV2CqOsvMk4="/></File><File Name="Assets\contrast-black\AppPackageAppList.targetsize-20_contrast-black.png" Size="215" LfhSize="102"><Block Hash="pO9UmnYaIe29VRJHRVGjAxTN26jtT9NI4r26hca7cQE="/></File><File Name="Assets\contrast-black\AppPackageAppList.targetsize-20_altform-unplated_contrast-black.png" Size="215" LfhSize="119"><Block Hash="pO9UmnYaIe29VRJHRVGjAxTN26jtT9NI4r26hca7cQE="/></File><File Name="Assets\contrast-black\AppPackageAppList.targetsize-24_contrast-black.png" Size="227" LfhSize="102"><Block Hash="sadRuj8MfGMarraJEW9GnUcY3iekobWrAQzSiUGMQjc="/></File><File Name="Assets\contrast-black\AppPackageAppList.targetsize-24_altform-unplated_contrast-black.png" Size="227" LfhSize="119"><Block Hash="sadRuj8MfGMarraJEW9GnUcY3iekobWrAQzSiUGMQjc="/></File><File Name="Assets\contrast-black\AppPackageAppList.targetsize-256_altform-unplated_contrast-black.png" Size="1684" LfhSize="120"><Block Hash="ZPPUVoAhpaVDpga8YLy57ifOGd993f1aJwRZ5MW+RlI="/></File><File Name="Assets\contrast-black\AppPackageAppList.targetsize-256_contrast-black.png" Size="1684" LfhSize="103"><Block Hash="ZPPUVoAhpaVDpga8YLy57ifOGd993f1aJwRZ5MW+RlI="/></File><File Name="Assets\contrast-black\AppPackageAppList.targetsize-30_altform-unplated_contrast-black.png" Size="271" LfhSize="119"><Block Hash="veb5ZwXifuaV6AmHds6SX+NRmIusCYT1rutsYMIPwL4="/></File><File Name="Assets\contrast-black\AppPackageAppList.targetsize-32_altform-unplated_contrast-black.png" Size="276" LfhSize="119"><Block Hash="QefD0JsJ+l0EiIvQvI8qKz3pMf+CZfwK7rpt8YWJeXE="/></File><File Name="Assets\contrast-black\AppPackageAppList.targetsize-32_contrast-black.png" Size="276" LfhSize="102"><Block Hash="QefD0JsJ+l0EiIvQvI8qKz3pMf+CZfwK7rpt8YWJeXE="/></File><File Name="Assets\contrast-black\AppPackageAppList.targetsize-30_contrast-black.png" Size="271" LfhSize="102"><Block Hash="veb5ZwXifuaV6AmHds6SX+NRmIusCYT1rutsYMIPwL4="/></File><File Name="Assets\contrast-black\AppPackageAppList.targetsize-36_contrast-black.png" Size="302" LfhSize="102"><Block Hash="W6zksYGnGt078+mbv0TvyYAOShkAXkWvd2dq9SEUr8Q="/></File><File Name="Assets\contrast-black\AppPackageAppList.targetsize-36_altform-unplated_contrast-black.png" Size="302" LfhSize="119"><Block Hash="W6zksYGnGt078+mbv0TvyYAOShkAXkWvd2dq9SEUr8Q="/></File><File Name="Assets\contrast-black\AppPackageAppList.targetsize-40_altform-unplated_contrast-black.png" Size="326" LfhSize="119"><Block Hash="9E/KGKQCB5fLZy27tQBd73r3EQe2ASbgb7FOKTmUz38="/></File><File Name="Assets\contrast-black\AppPackageAppList.targetsize-40_contrast-black.png" Size="326" LfhSize="102"><Block Hash="9E/KGKQCB5fLZy27tQBd73r3EQe2ASbgb7FOKTmUz38="/></File><File Name="Assets\contrast-black\AppPackageAppList.targetsize-48_altform-unplated_contrast-black.png" Size="368" LfhSize="119"><Block Hash="+yEcoWcl9kD8LnRUME8sTaNO2zSD0wZeqMCHWIKLqec="/></File><File Name="Assets\contrast-black\AppPackageAppList.targetsize-60_altform-unplated_contrast-black.png" Size="436" LfhSize="119"><Block Hash="WeNY2yR6oR5ASbmnr3XsF049iGaPF2SH0GVfZdI5oPc="/></File><File Name="Assets\contrast-black\AppPackageAppList.targetsize-48_contrast-black.png" Size="368" LfhSize="102"><Block Hash="+yEcoWcl9kD8LnRUME8sTaNO2zSD0wZeqMCHWIKLqec="/></File><File Name="Assets\contrast-black\AppPackageAppList.targetsize-60_contrast-black.png" Size="436" LfhSize="102"><Block Hash="WeNY2yR6oR5ASbmnr3XsF049iGaPF2SH0GVfZdI5oPc="/></File><File Name="Assets\contrast-black\AppPackageAppList.targetsize-64_altform-unplated_contrast-black.png" Size="412" LfhSize="119"><Block Hash="qJbU1f2nvrEsxQuqdPL9rVok7b0/+RCF+ExhujKRIEw="/></File><File Name="Assets\contrast-black\AppPackageAppList.targetsize-72_altform-unplated_contrast-black.png" Size="486" LfhSize="119"><Block Hash="VTnCVowymQWabj+o90weFU6/ZGjeN6Q9f8LCaByHdhE="/></File><File Name="Assets\contrast-black\AppPackageAppList.targetsize-72_contrast-black.png" Size="486" LfhSize="102"><Block Hash="VTnCVowymQWabj+o90weFU6/ZGjeN6Q9f8LCaByHdhE="/></File><File Name="Assets\contrast-black\AppPackageAppList.targetsize-64_contrast-black.png" Size="412" LfhSize="102"><Block Hash="qJbU1f2nvrEsxQuqdPL9rVok7b0/+RCF+ExhujKRIEw="/></File><File Name="Assets\contrast-black\AppPackageAppList.targetsize-80_altform-unplated_contrast-black.png" Size="505" LfhSize="119"><Block Hash="fpvrVHixcSCKdtt3wHBRJgHRE3ftc3J59k4KP46jjsM="/></File><File Name="Assets\contrast-black\AppPackageAppList.targetsize-80_contrast-black.png" Size="505" LfhSize="102"><Block Hash="fpvrVHixcSCKdtt3wHBRJgHRE3ftc3J59k4KP46jjsM="/></File><File Name="Assets\contrast-black\AppPackageAppList.targetsize-96_contrast-black.png" Size="663" LfhSize="102"><Block Hash="tfeyDKMrEkkb62Co9vYTc1FYamlWdwoVObgUJ7LPQrM="/></File><File Name="Assets\contrast-black\AppPackageBadgeLogo.scale-200_contrast-black.png" Size="368" LfhSize="100"><Block Hash="+yEcoWcl9kD8LnRUME8sTaNO2zSD0wZeqMCHWIKLqec="/></File><File Name="Assets\contrast-black\AppPackageAppList.targetsize-96_altform-unplated_contrast-black.png" Size="663" LfhSize="119"><Block Hash="tfeyDKMrEkkb62Co9vYTc1FYamlWdwoVObgUJ7LPQrM="/></File><File Name="Assets\contrast-black\AppPackageLargeTile.scale-200_contrast-black.png" Size="2522" LfhSize="100"><Block Hash="JYHWJYQZ2T5SvTCiLeQAsh0g99hsj/DFlX4drNjcujU="/></File><File Name="Assets\contrast-black\AppPackageMedTile.scale-200_contrast-black.png" Size="1113" LfhSize="98"><Block Hash="0YyrGFIysOVrVhw1a38uAwBD4xxOPs0UUrwB1nxeTHo="/></File><File Name="Assets\contrast-black\AppPackageSmallTile.scale-200_contrast-black.png" Size="636" LfhSize="100"><Block Hash="OZUofihxnlSM/ZRLk5W1D10/UOeKPg3hcQctWNUIi8I="/></File><File Name="Assets\contrast-black\AppPackageSplashScreen.scale-200_contrast-black.png" Size="3246" LfhSize="103"><Block Hash="gxwqL43wEN688Zb+lg2OSs53h8hbP2C5kl7HsWIK3vQ="/></File><File Name="Assets\contrast-black\AppPackageWideTile.scale-200_contrast-black.png" Size="1330" LfhSize="99"><Block Hash="tHSojnxx3Ja8zDFr7yGRwakQXkmvF1ijH4QfHnsuCKU="/></File><File Name="Assets\contrast-black\AppPackageStoreLogo.scale-200_contrast-black.png" Size="494" LfhSize="100"><Block Hash="5cUJcGhUfqKMqydVnrUO0ASeNSE3Z8a4PL7vdBFUtw4="/></File><File Name="Assets\contrast-black\CertOriginUntrusted.png" Size="18043" LfhSize="75"><Block Hash="SC/89GHU6FO181K/f+t6xDOZ6YVun68SOFDnsUKA4+s="/></File><File Name="Assets\contrast-black\CertOriginTrusted.png" Size="17178" LfhSize="73"><Block Hash="nB+rG61tCd//RS6osk2qwlqI3bOpKQ/D8WkZ6pz9omw="/></File><File Name="Assets\contrast-white\AppPackageAppList.scale-200_contrast-white.png" Size="648" LfhSize="98"><Block Hash="ZLh0ozjQLRe6vRKa6aMwTjg56EnaW7qhKFmnMVNqqTM="/></File><File Name="Assets\contrast-white\AppPackageAppList.targetsize-16_altform-unplated_contrast-white.png" Size="380" LfhSize="119"><Block Hash="29j/e3EWu1kgcaYMGPswkvXodv6A3J4O1XlVUTLqBfI="/></File><File Name="Assets\contrast-black\Shield.png" Size="296" LfhSize="62"><Block Hash="5F9peoHhy9RgRqUFl7qa8I4dgxFkfWKhdALMQYsPY+g="/></File><File Name="Assets\contrast-white\AppPackageAppList.targetsize-16_contrast-white.png" Size="380" LfhSize="102"><Block Hash="29j/e3EWu1kgcaYMGPswkvXodv6A3J4O1XlVUTLqBfI="/></File><File Name="Assets\contrast-white\AppPackageAppList.targetsize-20_altform-unplated_contrast-white.png" Size="411" LfhSize="119"><Block Hash="h7jTMhs8k5YUTJ/8x4/kEeWvAgsbXWC+aqrqIVeMmmY="/></File><File Name="Assets\contrast-white\AppPackageAppList.targetsize-20_contrast-white.png" Size="411" LfhSize="102"><Block Hash="h7jTMhs8k5YUTJ/8x4/kEeWvAgsbXWC+aqrqIVeMmmY="/></File><File Name="Assets\contrast-white\AppPackageAppList.targetsize-24_altform-unplated_contrast-white.png" Size="421" LfhSize="119"><Block Hash="j/rGgJM1oW6jJq2Upowa2vKP5JAVRdUhvDvcrBJQ1po="/></File><File Name="Assets\contrast-white\AppPackageAppList.targetsize-256_altform-unplated_contrast-white.png" Size="2093" LfhSize="120"><Block Hash="bh/O1fMcP1YsirautIjgmRDwMQwEjgKLvI0PzgizEio="/></File><File Name="Assets\contrast-white\AppPackageAppList.targetsize-256_contrast-white.png" Size="2093" LfhSize="103"><Block Hash="lu6hWTkNPms2qZ771RT8O6I+QsYJ2j8yD2hyWk8+aB0="/></File><File Name="Assets\contrast-white\AppPackageAppList.targetsize-24_contrast-white.png" Size="421" LfhSize="102"><Block Hash="m+cOWw59kRQpaFoMVaoyp+hoJR5u8mXkKzl6paRgNl0="/></File><File Name="Assets\contrast-white\AppPackageAppList.targetsize-30_altform-unplated_contrast-white.png" Size="477" LfhSize="119"><Block Hash="DAKjpfRgib1zyqdX2fZ4t5KGcQBL9oU8I8/tEgZUYAM="/></File><File Name="Assets\contrast-white\AppPackageAppList.targetsize-30_contrast-white.png" Size="477" LfhSize="102"><Block Hash="QuJtxq8xUtCqmn6LR+LmOcg7Mkv116vBWf/h0KaiAAY="/></File><File Name="Assets\contrast-white\AppPackageAppList.targetsize-32_altform-unplated_contrast-white.png" Size="481" LfhSize="119"><Block Hash="rjjziYyUj1qSSbubUxbfDcw8MRA1ff0GjF8QjMcH4SE="/></File><File Name="Assets\contrast-white\AppPackageAppList.targetsize-36_altform-unplated_contrast-white.png" Size="500" LfhSize="119"><Block Hash="1qipXn4kqG1uTfTRzqW6TF+Yr8SDAyT/uYmJgdf385s="/></File><File Name="Assets\contrast-white\AppPackageAppList.targetsize-36_contrast-white.png" Size="500" LfhSize="102"><Block Hash="1qipXn4kqG1uTfTRzqW6TF+Yr8SDAyT/uYmJgdf385s="/></File><File Name="Assets\contrast-white\AppPackageAppList.targetsize-32_contrast-white.png" Size="481" LfhSize="102"><Block Hash="rjjziYyUj1qSSbubUxbfDcw8MRA1ff0GjF8QjMcH4SE="/></File><File Name="Assets\contrast-white\AppPackageAppList.targetsize-40_altform-unplated_contrast-white.png" Size="525" LfhSize="119"><Block Hash="OjADJUCwiw1f3L566wanI4QQPoj6TpQjnogyqtVfsX8="/></File><File Name="Assets\contrast-white\AppPackageAppList.targetsize-40_contrast-white.png" Size="525" LfhSize="102"><Block Hash="OjADJUCwiw1f3L566wanI4QQPoj6TpQjnogyqtVfsX8="/></File><File Name="Assets\contrast-white\AppPackageAppList.targetsize-48_altform-unplated_contrast-white.png" Size="585" LfhSize="119"><Block Hash="mPPcid6z5TIbJ/m1Qhm0KWNNnPZtItBobVaWOKoSrag="/></File><File Name="Assets\contrast-white\AppPackageAppList.targetsize-60_altform-unplated_contrast-white.png" Size="643" LfhSize="119"><Block Hash="WlTnxUePy5wOgaw4peTrREx9PrHHUmsspCiv559DnPg="/></File><File Name="Assets\contrast-white\AppPackageAppList.targetsize-48_contrast-white.png" Size="585" LfhSize="102"><Block Hash="mPPcid6z5TIbJ/m1Qhm0KWNNnPZtItBobVaWOKoSrag="/></File><File Name="Assets\contrast-white\AppPackageAppList.targetsize-64_altform-unplated_contrast-white.png" Size="623" LfhSize="119"><Block Hash="UcBoTklOubpjRdFO2Zo0vNprprlTEXpcV1WAztqf4rU="/></File><File Name="Assets\contrast-white\AppPackageAppList.targetsize-60_contrast-white.png" Size="643" LfhSize="102"><Block Hash="WlTnxUePy5wOgaw4peTrREx9PrHHUmsspCiv559DnPg="/></File><File Name="Assets\contrast-white\AppPackageAppList.targetsize-72_altform-unplated_contrast-white.png" Size="677" LfhSize="119"><Block Hash="miGiW6epwV3prc/uA2hYGHVjmBGwwYUJiIoHwbmfcz8="/></File><File Name="Assets\contrast-white\AppPackageAppList.targetsize-64_contrast-white.png" Size="623" LfhSize="102"><Block Hash="UKRNvV7nsvS2yj2Ouqef7bonpGnZy9aezGsjjHeulGA="/></File><File Name="Assets\contrast-white\AppPackageAppList.targetsize-80_altform-unplated_contrast-white.png" Size="719" LfhSize="119"><Block Hash="JZW53UZ2Zqq7/0XLVkCGwkwUWNVc3tDORv8vzdvGdcs="/></File><File Name="Assets\contrast-white\AppPackageAppList.targetsize-72_contrast-white.png" Size="677" LfhSize="102"><Block Hash="v72r8ptPCri5yV2+5SI8xY0BwBi7rprFtrJRRpTjuNo="/></File><File Name="Assets\contrast-white\AppPackageAppList.targetsize-80_contrast-white.png" Size="719" LfhSize="102"><Block Hash="JZW53UZ2Zqq7/0XLVkCGwkwUWNVc3tDORv8vzdvGdcs="/></File><File Name="Assets\contrast-white\AppPackageAppList.targetsize-96_altform-unplated_contrast-white.png" Size="837" LfhSize="119"><Block Hash="NxxfES6Yl7++e3B3JxEM4AuI/ARyvLfyufcFZTAH+g8="/></File><File Name="Assets\contrast-white\AppPackageAppList.targetsize-96_contrast-white.png" Size="837" LfhSize="102"><Block Hash="NxxfES6Yl7++e3B3JxEM4AuI/ARyvLfyufcFZTAH+g8="/></File><File Name="Assets\contrast-white\AppPackageBadgeLogo.scale-200_contrast-white.png" Size="585" LfhSize="100"><Block Hash="3yPPuwLtqfKcz9zIMZf4lnV4t/muDx1+fKDs9BRWSPQ="/></File><File Name="Assets\contrast-white\AppPackageMedTile.scale-200_contrast-white.png" Size="1179" LfhSize="98"><Block Hash="vYnM88oshSIFxhaAW5ftS8o/Y8rrcFXP0725Ay5eddA="/></File><File Name="Assets\contrast-white\AppPackageLargeTile.scale-200_contrast-white.png" Size="2566" LfhSize="100"><Block Hash="zSo/Z2hV7KL8yKQAXXfY2M8mkCbsZQSd2zwy2Sz4/V0="/></File><File Name="Assets\contrast-white\AppPackageSplashScreen.scale-200_contrast-white.png" Size="3212" LfhSize="103"><Block Hash="FRHxqUCnbSvaRZD7sI4AdcSPHABxSnieQS4LbQcwsAM="/></File><File Name="Assets\contrast-white\AppPackageSmallTile.scale-200_contrast-white.png" Size="794" LfhSize="100"><Block Hash="iK4lPe6WrmGDQ8zw73k7gqgcBuR2HRkR4QciosM7Ots="/></File><File Name="Assets\contrast-white\AppPackageStoreLogo.scale-200_contrast-white.png" Size="715" LfhSize="100"><Block Hash="9y2o98GfyOU5SAXDn193sOldIh8totg1Ws+//xsyPUA="/></File><File Name="Assets\contrast-white\AppPackageWideTile.scale-200_contrast-white.png" Size="1386" LfhSize="99"><Block Hash="W96jDzOGruxlm1BrKVKIzENZm6guxfMZVarvlsdvKwY="/></File><File Name="Assets\contrast-white\CertOriginTrusted.png" Size="21256" LfhSize="73"><Block Hash="ES7Mn+JiIipdisxCT1k+Nv/Uz0/nBVns8PLZJAYPlFg="/></File><File Name="Assets\contrast-white\Shield.png" Size="276" LfhSize="62"><Block Hash="QDo2raf3V50JZw+bmOfa/sHC4b7sxf0m7mtf0LTyUFw="/></File><File Name="Assets\contrast-white\CertOriginUntrusted.png" Size="17743" LfhSize="75"><Block Hash="nMKqRorLQL4Djt+iblcPAIOR2oeEr5AHFn2bFkggy9s="/></File><File Name="Assets\FileIcons\FileLogoExtensions.targetsize-16.png" Size="284" LfhSize="83"><Block Hash="xWYC7SeWil4a8vZ5h1LNaWcGj0swaVGPgdE8rv16j8U="/></File><File Name="Assets\FileIcons\FileLogoExtensions.targetsize-20.png" Size="728" LfhSize="83"><Block Hash="Nw4a/w71m4QuC9Shc/XWexb0dVtSHl78AVEIGyNEOaE="/></File><File Name="Assets\FileIcons\FileLogoExtensions.targetsize-256.png" Size="8615" LfhSize="84"><Block Hash="5kAXOjfaoBYxYxl6Wd3VuE/lpGu9tt/ug90P463M64E="/></File><File Name="Assets\FileIcons\FileLogoExtensions.targetsize-24.png" Size="876" LfhSize="83"><Block Hash="8riy01kULNUALSDPa9RQ0DBhMfK1BN1UPwMFetqApgs="/></File><File Name="Assets\FileIcons\FileLogoExtensions.targetsize-32.png" Size="1138" LfhSize="83"><Block Hash="lBp1UMk1NqZZ4chNYkJp0H85THK4+Vz9bRXQX7nuOKo="/></File><File Name="Assets\FileIcons\FileLogoExtensions.targetsize-40.png" Size="1436" LfhSize="83"><Block Hash="LYoDG/giHOyPR6wcuic8RAmhl9rG3WnOTzu8lHGChk0="/></File><File Name="Assets\FileIcons\FileLogoExtensions.targetsize-48.png" Size="1734" LfhSize="83"><Block Hash="ht+2IxKDKK2Xy2HpLEzJsjBHotprzJp2ARIr/gzqX08="/></File><File Name="Assets\Shield.png" Size="296" LfhSize="47"><Block Hash="5F9peoHhy9RgRqUFl7qa8I4dgxFkfWKhdALMQYsPY+g="/></File><File Name="Assets\FileIcons\FileLogoExtensions.targetsize-64.png" Size="2393" LfhSize="83"><Block Hash="I9UWyPlQZMlbDnUsxE0bYTJf1E2PvfQ0BvdWQOXOQQg="/></File><File Name="AuthenticationManager.exe" Size="545792" LfhSize="55"><Block Hash="jDfcex0MNMcOZUJCDYvTwfQodVDkwbWpCDLSJSnSp+Y=" Size="31323"/><Block Hash="XghHX2UtM9K1Ux9ZwRSpogPk0zRQeP9+gBeHM4gVj5g=" Size="28165"/><Block Hash="zMAqMi2DFin89qS9t6aaocCX96BMVbzV3C6ytBpdvl0=" Size="27620"/><Block Hash="Ww45f7lgptsaw1I5ykDraq293fHEyFApuAhxtagp3w0=" Size="29307"/><Block Hash="mgRiwxM5OBBg8yW+DP/XGktYtatKzyrc4eDHW8qVuXc=" Size="20124"/><Block Hash="eKcZoyedvlR1lDqGVkoSKzvXByUrEBwCs6JPf+JmjTM=" Size="22861"/><Block Hash="5VFRO0fLFzqXDJsFlTckNEsHm0xdZmvxHUfyCzrBOzo=" Size="12261"/><Block Hash="NzQWKlKyAXpS7XdrS40R0gYEXP755sZ/OgdStOwRIGQ=" Size="11884"/><Block Hash="LhzcfZ2gdsBh8fCh6Bap6JzRiyg81msYvukuR+Y+OEU=" Size="3241"/><b4:FileHash Hash="7szaDjT6X1BY9dm0cjbD/6ftJHivIKMq1TTY3/hGBZI="/></File><File Name="concrt140_app.dll" Size="58248" LfhSize="47"><Block Hash="1ypDkcSFK/Twk38Y1+2/msQ0PhmGHXhWwklhXBLk3Zw=" Size="16439"/></File><File Name="Microsoft.Management.Deployment.winmd" Size="16896" LfhSize="67"><Block Hash="kJU/wh1f6lMujYNe5XYOB8qZEHSST9EbDdep2JC0Tgw=" Size="6669"/></File><File Name="Microsoft.UI.Xaml.winmd" Size="288656" LfhSize="53"><Block Hash="z8rg94OxTHAhHVrXHQogYRjyM1udICfcMfHW5XVW0TA=" Size="22705"/><Block Hash="VfRGq86XS4dL2kNw+YB8fJuRIMesWRSbzaTwfnY0oVQ=" Size="20504"/><Block Hash="8WJaHlDCOgUFgqN67cqixJZfAmtAFUFmLBlYkzyPguU=" Size="27424"/><Block Hash="1C3SW9whsP8JfOT41+z4oYwnyYzulsxDPJlh5gAjOmo=" Size="19051"/><Block Hash="4Fmz324cXMt8JJGco0QqSh+khxLrExAHcPn9eOrjjKM=" Size="9277"/><b4:FileHash Hash="5MAYIqFIFB3vclkfsFfsucjs0O+CWFpHheKKyslS3A8="/></File><File Name="msvcp140_1_app.dll" Size="19336" LfhSize="48"><Block Hash="tdN7dv4QfV0j9Ji1gs8R3Bs8RknIRO19x8LicAEHKCM=" Size="10214"/></File><File Name="msvcp140_2_app.dll" Size="21384" LfhSize="48"><Block Hash="WAyFXh5YUQIHuRVt+b2zL/vRXORAW6vLkGlCEqh5hYc=" Size="10738"/></File><File Name="msvcp140_app.dll" Size="259968" LfhSize="46"><Block Hash="hKJmewMAV8JQr1Ps04VCGhmn40SAjSzCIKBSIvOgkkQ=" Size="16631"/><Block Hash="aoxSO6LMNFBP0+0RzeXvQAy2OHkfAfRtK76MZWxTspE=" Size="4968"/><Block Hash="NniG4FMwCQb9TRaeZ/UWkhsT22EGb3MeVcdABzSw/pY=" Size="3564"/><Block Hash="dR6b4bcH0D6KPyTDwiKl3/RnYCIMQXPYtdtHq4YXg6M=" Size="11784"/><b4:FileHash Hash="0GN4CRYM4EPlUw2va5O/WWEbTeQJJ0xVuoeizvV8sgI="/></File><File Name="resources.pri" Size="108440" LfhSize="43"><Block Hash="0dNHI7lpFHbbI9xUHr4lgdhFmpg4tIk07ez1LPwNzjU=" Size="24495"/><Block Hash="x6S6NwVd5Qw8s9Bb2kDibZcqSNwj2+cu5H2PQo5EOfw=" Size="10194"/><b4:FileHash Hash="DqHzn6AS+LPAVMcOlZEBQvLMfhsl5XVIp+gzPV5CiRA="/></File><File Name="vcamp140_app.dll" Size="46984" LfhSize="46"><Block Hash="4yQgyfMEagES/V+0dAGXhWXbK8rZWFe+ekvIPwX3qm8=" Size="14325"/></File><File Name="vccorlib140_app.dll" Size="51080" LfhSize="49"><Block Hash="51itr+cOSKT3mxm2wgE+NXFEFQVLaz7mcuuRtY6R9sg=" Size="15528"/></File><File Name="vcomp140_app.dll" Size="25480" LfhSize="46"><Block Hash="5u8kK2iykaHYR1q9S7hUjdu8fU+6fJu1Ee8ukgKLbIQ=" Size="11742"/></File><File Name="vcruntime140_app.dll" Size="22920" LfhSize="50"><Block Hash="jaD7DXScRN6Cfe4X+tmPRzucZvQp+6yue7KtHAFmyyw=" Size="11369"/></File><File Name="vcruntime140_1_app.dll" Size="18824" LfhSize="52"><Block Hash="Lv6UCq4Kxw4R2u7sWiAKJKo9II5Vi8GBCdhaK5ehb24=" Size="10089"/></File><File Name="Windows.AI.MachineLearning.MachineLearningContract.winmd" Size="34304" LfhSize="86"><Block Hash="wdl/Au4GouncEjBZsOwa0ETRA6ULMnrgEV/C8tLUF/g=" Size="11630"/></File><File Name="Windows.AI.MachineLearning.Preview.MachineLearningPreviewContract.winmd" Size="17920" LfhSize="101"><Block Hash="/GYBCmA5vOXaopAdInkp5o6qCeThn5nvQ+96Tcp09DY=" Size="5841"/></File><File Name="Windows.ApplicationModel.Calls.Background.CallsBackgroundContract.winmd" Size="8192" LfhSize="101"><Block Hash="SN2ikD9QLQMy8K0ns/IvLVrTxONhEOL3n7igxcjkuaI=" Size="3197"/></File><File Name="Windows.ApplicationModel.Calls.CallsPhoneContract.winmd" Size="20992" LfhSize="85"><Block Hash="u8JrDvanGjStzxrT8W+pp/t9DGSJ2Jt0evtPK9djUrQ=" Size="7983"/></File><File Name="Windows.ApplicationModel.CommunicationBlocking.CommunicationBlockingContract.winmd" Size="5632" LfhSize="112"><Block Hash="LtIPTV34XnHc3KkHevXnqQQ07liXYECiibZPfP03/UE=" Size="1945"/></File><File Name="Windows.ApplicationModel.Calls.CallsVoipContract.winmd" Size="10752" LfhSize="84"><Block Hash="A2kS0rFepJtSOmbq7RtiI3Q/K2ZEWcogvuijzSdmo50=" Size="4244"/></File><File Name="Windows.ApplicationModel.SocialInfo.SocialInfoContract.winmd" Size="17920" LfhSize="90"><Block Hash="jiYtphU9XubAx4LiNPk+OAzlgGIaYb0dsOoeU2UmqGM=" Size="5722"/></File><File Name="Windows.ApplicationModel.StartupTaskContract.winmd" Size="4608" LfhSize="80"><Block Hash="u4yVmArKkhPLyi1mBJ3+vg3dDb1HTL2MnTRYIHiKg78=" Size="1703"/></File><File Name="Windows.Devices.Custom.CustomDeviceContract.winmd" Size="6656" LfhSize="79"><Block Hash="wEik98HdbUbqJo335aEIqvadJ6eY4nbkynWlGi3ZmAQ=" Size="2527"/></File><File Name="Windows.Devices.DevicesLowLevelContract.winmd" Size="30720" LfhSize="75"><Block Hash="kJKNFj6whNnKkPaDW/bHB+viSDLt/nN/XkM1arrwxUw=" Size="11978"/></File><File Name="Windows.Devices.Printers.PrintersContract.winmd" Size="4096" LfhSize="77"><Block Hash="rB3HIDZebxHF3zOg3orY5WzpUYyXqzDShlk2w/+0cA4=" Size="1695"/></File><File Name="Windows.Devices.SmartCards.SmartCardBackgroundTriggerContract.winmd" Size="6144" LfhSize="97"><Block Hash="CSmNYbaNgX7n6/E/6Y29KHuJpEvnKV6E3bF15UMwhnk=" Size="2303"/></File><File Name="Windows.Devices.SmartCards.SmartCardEmulatorContract.winmd" Size="31744" LfhSize="88"><Block Hash="6fcsNjVKDf3Fxbl7hny7Q2d7z5v7LnpkxdxaEV3jZP4=" Size="11232"/></File><File Name="Windows.Foundation.FoundationContract.winmd" Size="24576" LfhSize="73"><Block Hash="vXsRrkI3iRaJlbA/3c5VW/FaoOMVg/yWr/FdKYy25xI=" Size="9707"/></File><File Name="Windows.Foundation.UniversalApiContract.winmd" Size="5858304" LfhSize="75"><Block Hash="15CLxTcPSo3Vu3MDF8vr5FKHtRooBdeLnPN0riS++LY=" Size="13174"/><Block Hash="21qq2YmveX4+0M3KZo+/J4XSQHAIaXPG2TRc8WyOcrE=" Size="14096"/><Block Hash="sQeL39S7RC5Km2xnQHAh2DLVQTvm+4RFd3B3+XAEuNI=" Size="18518"/><Block Hash="pokg1FM6dFNJTAQb8m2kC+GynW2RviuB8OdKKjYO9UQ=" Size="18752"/><Block Hash="axMIQ7tqW1kWbJXktEDx+P7cKXwnZymJhx/p37IRJvc=" Size="18199"/><Block Hash="9rhsZRz03P+J6JCHplm668luc+IKVhPTt8L99yluN4E=" Size="18756"/><Block Hash="gKKAYrw5JhWlEirR0MD0jF5ATARQaC08Ds5/1Q1KTtQ=" Size="18831"/><Block Hash="ZcSR/1MqfDF1RGwj5ZU2cXb6pmiFeGMGcXoESeVo3P0=" Size="17820"/><Block Hash="OPPwfEYNGLxPcLiK3zqZKF//QwxIwREgPyRuXF0J4Q4=" Size="17822"/><Block Hash="dkfe5C8GnJvXmJnq9qYMwTcUtycqK/hhH7U3+Zql+EQ=" Size="17215"/><Block Hash="Kjpsvmqb5hX2lvA8vOspG6xr6wd0f1KsOpnHcavUTyI=" Size="16663"/><Block Hash="FL/k4/ZUIhgen4A/caUKQopCPDaKeYXfj//Hf6d9Lio=" Size="17317"/><Block Hash="fKM0NGa8xf5E9bLvdESPyHQLssKIvWbwJ7sVnfjeqxM=" Size="17397"/><Block Hash="iAfftnO/XFsBLF8XIQfUHLqcxtSvKu4BvrTrgPRoP/0=" Size="18001"/><Block Hash="oo/F8K1eiPyC0n1D5h2+Z2XEyXaQ/S6oh7Uog+zh/a0=" Size="18251"/><Block Hash="sjjX4/h2hZLtOnWAlInA0ffo2zzH0Qb46SSpLpvHmsg=" Size="18077"/><Block Hash="Qrz8Je3qkeezq4UE1O1d3XWNRfuqwiw/gkP5xeP2EJ4=" Size="18297"/><Block Hash="DTei8xS9s5NwpGMd33VZRevkr9UsCb95MZiMEXT48vU=" Size="17451"/><Block Hash="8vJ62OYLMXT7BAvqR5ITNU6xbcYJYMLhhgAQfUqHnzQ=" Size="17946"/><Block Hash="A+K9BeNCjsM03drqnH24zPVqVf2P/4jOS4pPIyVH8Fg=" Size="18495"/><Block Hash="gj/FsgmjIacMYhXVUX6i0rNkOw0mkL5F8Fo4mFewswU=" Size="18658"/><Block Hash="jOinY2njAklUAeQkLqn+K0/u5tPHyCBASbwX4tK7x9I=" Size="18528"/><Block Hash="Z9WjdWasryr228tcJeeH7F9L4LbxKk21hWsKzZmRHRg=" Size="18464"/><Block Hash="DVZeRu/m0TmLCmrVzh8ltW+0RogB6coO1jQKe2b+Scw=" Size="18392"/><Block Hash="1lC0umz5EJA1afhKwesOSLy82VriPGu8qEAVetP7H4Y=" Size="17661"/><Block Hash="r0nmBfusR57jOQ/+qURpiJ/EdDWwMWZPWyauY9YF22s=" Size="5116"/><Block Hash="johlPEcbqy4w6y95/AgnsqwXvho5cysxiXXLIED4xx0=" Size="4451"/><Block Hash="0ipKkbMO9OChyWHkQl2/U8z5US1U3iSbu3piiay/g/E=" Size="4443"/><Block Hash="k/1ZHWeHmTS58wUtWLY002eovHzNrJOInXBr2dM8TM0=" Size="4673"/><Block Hash="/qImjASYt0YSQ4L5sdEJ57VTJPTLiZFXqjMh1wBq1M0=" Size="5989"/><Block Hash="8slefzY2Wv4h7P+rjuyrMgCPPjwRT3L7Dx5g+nhbGrE=" Size="4581"/><Block Hash="WCh4XKw1ljBJ1VSeEmUxpwmxSVxYpSAU4IgWJEt3UhI=" Size="4065"/><Block Hash="PwpN2i9XHnH7yoVBiFYJGhavVREnwmFvxP5s5yFiFL4=" Size="3397"/><Block Hash="Hzk7rKs5xuj01b9qHrWtPDKFth5Z2cUpp3C2CVqlfGY=" Size="4102"/><Block Hash="Wpn0RiLDfSfbWtmZOFM64ihpfcY5TYWVTQ6PVvC7hA4=" Size="31362"/><Block Hash="2vU7aM+TPT/imYDyxgOHbvrCK9oKRmiUaYxhxp1LhME=" Size="23737"/><Block Hash="P0cao3RoEo5ngcaTiBgxCd9kyD5FICfLBzAvnAK5JUA=" Size="25459"/><Block Hash="q0QLKTAKYZkfiIke1yXOsUs+g0BrZjGuz8ZXqE9OT3w=" Size="24525"/><Block Hash="iFA0zx2GUb+Aikgmr9P0l/BRTO6xbtKEDkzFhCvOZ2g=" Size="23234"/><Block Hash="22DEgnyMWbYOmqT+3J8BjrKVmL7AwmN+EQNf2YBDcoY=" Size="20830"/><Block Hash="Arf4VeiQ2E5D1dngZqx7mRgnNprVJ7TLQMEx7Kw4zE0=" Size="17735"/><Block Hash="C0VW51FLVHqwnowrAHWysvWw24LlAsuAlS77rmoqo90=" Size="17847"/><Block Hash="Ebl3ez1NAp/TutY7NR14/OSReyL31quEFXTgfdDLn4E=" Size="17746"/><Block Hash="mMRDMylyerzweN+jk5usEgF+/MkCRIQFTvXi1Ykr1yc=" Size="17797"/><Block Hash="Pry4aAQc+Poaeu3ZK4JyImw5kyvss6HWtqFmiQdvg9E=" Size="17812"/><Block Hash="Nxv/Y5hiJqxTta/c5OMjjax9LmCOvMUt2WIYmPCKZ2o=" Size="16932"/><Block Hash="FYey0RCSBtZKYq/LCbaxv1ixo7A1qUqSSKof2z4XJA4=" Size="16888"/><Block Hash="7JVVOaYvtUE9d8oiCN7VlfzMlyZo5/DA3wBcDOS0bG4=" Size="16632"/><Block Hash="g9JvqhBsjq2JznamScxgBCJmG84TKfkya+Prt4I6+yE=" Size="17160"/><Block Hash="b3dWyNJ6eHL3kQiHX6tu6Vb9HQAs2Dpr94/pUqgd46A=" Size="21105"/><Block Hash="5Q4LyxIHk5Cq30nH84B3X6K4XMftaifJBdfd2XqK1Ds=" Size="36620"/><Block Hash="TUrPk6oALIbJcla5NPcwn2KmNDVIeQKhfvu7CrJtDVE=" Size="12995"/><Block Hash="jYazSTiHL+WQnWLX9rZOt57eURbzG6kNx2Vb3EQBKaA=" Size="14628"/><Block Hash="tMUpHBN1D8z+LVwBcj8DUViMDuQmOmo8mkaZ1i1kCRQ=" Size="15655"/><Block Hash="O7ghdj10On3jf0JHSrJJDPzpS4b6yoYRM9JqukeMGDU=" Size="16093"/><Block Hash="R9tp6SO0DG7sSizHeiYJRRCdY0sRJ8LugxSYKDF5abI=" Size="37101"/><Block Hash="aPDZuTZBzhs/3/68IxutMSYviVAKfEyBeLyUE7pxbVI=" Size="37756"/><Block Hash="F8wLJjRvKdEdH+ls3Ri+3jrH+CPb4YUNMdbJqXvzlCM=" Size="37473"/><Block Hash="Wu1W0+G5HZQKKCQfThjA5nPNt3A79dEWy16P6nCpc0s=" Size="36819"/><Block Hash="2mveBXlZh4efC+TxD7X5ahFWI8oKYIA4sWfpp3OMgBg=" Size="28301"/><Block Hash="KySY5DoZ8cNjfz1QpUQzN0OspxHdrQrLnDxGxuO78xE=" Size="27237"/><Block Hash="gB0HbMM9r2nA1rDAMgVj6kAlyMGoVX5lA0Jj02CbDdA=" Size="27170"/><Block Hash="qKpu57lNmm0TVZ04wyJsstfybnSXnEcuBAOxz1F7bH0=" Size="26955"/><Block Hash="HZHFy2Q9Lpl3kUXLz/Kb6Y9GUu7K4WOFUVu0n+/Zu+M=" Size="12365"/><Block Hash="C4VYyJBnWtQNZ5LMaauycQ3S9pzMRE9xA/XoXw9PSjs=" Size="12025"/><Block Hash="8x5m4js8vWXt819mYh894VS/9/hl52q3gyvjXFZ9ndY=" Size="11939"/><Block Hash="CDxOTnZvd2doIPEU3ZG/EiJ93xBLrVjnoUBWQ7f5+Rg=" Size="11427"/><Block Hash="KioHz1GoaobbJphnZR0zn/lOfmwYEMAUACi8qrFti08=" Size="14622"/><Block Hash="ygHyZhlDwGzPyr8jMmMDgmHPMOC4JyUvgCenrEzjHNE=" Size="16976"/><Block Hash="Ni/thxIiXJTllii3c4kvoIZ7GRzbMQSS/rTUwVK7hYQ=" Size="17524"/><Block Hash="wtH96dQzoy5gsugccQEA6CK4qNXZJie6B3CEyPAYsUI=" Size="18087"/><Block Hash="zEyMjjW3TS+aDSl4SOsWGjG98uii4koje+/dnHC+8+M=" Size="17292"/><Block Hash="BaSfNgMrjSx//JzcNmPOKZ3bl0IRZ7LGlVx29PELlxk=" Size="18375"/><Block Hash="LiY/MbzwBr3NDd9z7Lh7b8mEOtPeXimYjFhVJ2PWwpg=" Size="16409"/><Block Hash="hAmMdLwPVoSOoHwiETVt/ZBVR3La49SNeM7NdtxiFmc=" Size="12352"/><Block Hash="o3SwsIbP1335wPrEKdbuqcwz1r9DCYElCN+gztu6uUQ=" Size="13244"/><Block Hash="2hNYKFX7tKgdlBrp/OBAXPqAZf4qgyLmVIBTOPBtcf4=" Size="20379"/><Block Hash="jgIsKzh4qJ0S/HFC/j7QaOzBXsjP8qPQ5Kacny7nxG8=" Size="22806"/><Block Hash="HppmXBw3bgvjk+T9xJ5fXEIuL//GG130TsgDGcrfXyY=" Size="20998"/><Block Hash="VccLWp7NVtKO79d+qN5hLlsVBP6MvtM8AnKMkN8+7bM=" Size="21235"/><Block Hash="Bsmk0Tz1hIMGPvONxkcJYyGVtMES7KR2iuK8Tsz+kCw=" Size="20214"/><Block Hash="rLLBNoBQBNLvmA5d8ZCY8p6yFDAiIg36J3NNH9KRLGA=" Size="18092"/><Block Hash="saIe7C614YU8TdNE+gr7WvdD6tw2o40wHVwT5WhN80o=" Size="23032"/><Block Hash="e7B0pMCi9ezM6rTciOb5TvGT7A9L4CP2wI/FMxWt5lM=" Size="19565"/><Block Hash="rji3s5usWDwDqPgK/vYWCEou1L/RpESXyymAYksrt44=" Size="18949"/><Block Hash="yOcZKMng2nIixeTJ6wK7KSdJYOAvIEHZ93xskfgfDRk=" Size="20367"/><Block Hash="S6/iFv2K00w6eqi77pNjrDI6IlIrNB7cV7HkceA1gtU=" Size="17985"/><Block Hash="scRvzvYFqRWjU3Z4HvfSJ8T0bJ2SpfagYXQXdhoJ0d0=" Size="23612"/><Block Hash="0Nockbh6XmpQDzV++X1nPxLG5N/weiIE2MxtZwUulkE=" Size="19961"/><Block Hash="xfCfuoo8+eSOIUcs2yKoqTQNcw24MCeLY+730ghdeTc=" Size="7487"/><b4:FileHash Hash="MgndsCwYY+9rges/dX3s7+f+vVV2pqJ2KPAJMWXH1CQ="/></File><File Name="Windows.Gaming.XboxLive.StorageApiContract.winmd" Size="10752" LfhSize="78"><Block Hash="PTkLk3rxoI1ZaHwPA/ZTG303FA6ZOATrtvCTVM0+57s=" Size="4193"/></File><File Name="Windows.Networking.Connectivity.WwanContract.winmd" Size="4608" LfhSize="80"><Block Hash="7kaNxSrJiUZ7dZ/1txsTRbRGgT9ilEEflfGl6h6DQlA=" Size="1987"/></File><File Name="Windows.Graphics.Printing3D.Printing3DContract.winmd" Size="29696" LfhSize="82"><Block Hash="anbnXQdhTHrzoM+7wUN2Pkv0bYxvx1Hl69yUEFNnBxc=" Size="11238"/></File><File Name="Windows.Networking.Sockets.ControlChannelTriggerContract.winmd" Size="6656" LfhSize="92"><Block Hash="0oOW0iTDMeay47LyYaAOwBgU2/6VBxEvYZmifML+1yw=" Size="2451"/></File><File Name="Windows.Security.Isolation.Isolatedwindowsenvironmentcontract.winmd" Size="19456" LfhSize="97"><Block Hash="9Jfa6jei96jl8P5QCC/hcTESJMf1U/UXG43n8Zh/38k=" Size="7055"/></File><File Name="Windows.Services.Maps.GuidanceContract.winmd" Size="20480" LfhSize="74"><Block Hash="tryWOoD35H27TJ1WY8QatzgS6hpnlZ2jeyXlR89BeXA=" Size="7877"/></File><File Name="Windows.Services.Maps.LocalSearchContract.winmd" Size="16384" LfhSize="77"><Block Hash="LGpXq9lojMsF84/NfNwBvtwUljzIUL6vEnRZlAN4x5g=" Size="5840"/></File><File Name="Windows.Services.Store.StoreContract.winmd" Size="33792" LfhSize="72"><Block Hash="s0ZdjR5VclKK2/w575MV5X0fyjhlgDEiFJllNhymWE8=" Size="12895"/></File><File Name="Windows.Services.TargetedContent.TargetedContentContract.winmd" Size="14848" LfhSize="92"><Block Hash="Iv8Mg3V9hjvH9Brivfn1tuo11v09bz6JCxcD0LUsMnk=" Size="5718"/></File><File Name="Windows.Storage.Provider.CloudFilesContract.winmd" Size="14848" LfhSize="79"><Block Hash="gvrkHODpZnw9BJj2nNi3aOw0R/oXhBdBc3XyWkLRJhk=" Size="5545"/></File><File Name="Windows.System.Profile.ProfileHardwareTokenContract.winmd" Size="4096" LfhSize="87"><Block Hash="48bmUgbL9yn0SmhPnmXFEmXAG09+05jjxgYF5JHw3dQ=" Size="1478"/></File><File Name="Windows.System.Profile.SystemManufacturers.SystemManufacturersContract.winmd" Size="6144" LfhSize="106"><Block Hash="XUB//yWV+Jtk2ZN5tIbKGA8MBab+aLQud30xavwuj/s=" Size="2195"/></File><File Name="Windows.System.Profile.ProfileSharedModeContract.winmd" Size="3584" LfhSize="84"><Block Hash="JPyBMHc9LT7LhpYu/QdMcZP++3XTOoxp0NvaLLJp/SI=" Size="1342"/></File><File Name="Windows.System.SystemManagementContract.winmd" Size="14848" LfhSize="75"><Block Hash="B3NdeetznVtPNeGbTKt0MO44JIhRhRXbm1WABUJXFJw=" Size="5735"/></File><File Name="Windows.UI.ViewManagement.ViewManagementViewScalingContract.winmd" Size="3584" LfhSize="95"><Block Hash="/gQPKAlH2KG5j/w4Hywdb/9wmXczRp+g845JF2gQuYM=" Size="1279"/></File><File Name="Windows.UI.Xaml.Core.Direct.XamlDirectContract.winmd" Size="98304" LfhSize="82"><Block Hash="Wf8Abqm/LDoxHJ1YBlkNv9w1Rv1O83OkiG49wC5LxMo=" Size="22209"/><Block Hash="yb1YaM25cgnSJLURJlr1p8rzzCsiGDI7p2k1K/DQEVA=" Size="9511"/><b4:FileHash Hash="64wk/0EIqBuubJq0zrL21uA2gjjtSbetboO/uylBKiY="/></File><File Name="XSD\AppInstallerUXSchema.xsd" Size="4368" LfhSize="58"><Block Hash="yeGWg5910KVvSZPV1e5eEBcFLa9c0vUaWvsgmWC5H34=" Size="780"/></File><File Name="WindowsPackageManagerServer.exe" Size="3216384" LfhSize="61"><Block Hash="Elm/kySkQMDsbzcIVPTGuoiN6R/rUbPwzd7C6fb3sQA=" Size="31126"/><Block Hash="J1DI7lxlAG/NdOtTDmqbKqxSL9otONL+eQOsptiXvj4=" Size="29969"/><Block Hash="nBddM8z50gj4JoIA+6kx4SeM1lrFUu3PfHIrq4K5oFI=" Size="33428"/><Block Hash="m9Uzk3L3ZPogaxefhD6CaPE1spVXQCjikRWwD7gtnFM=" Size="30375"/><Block Hash="3Ncc+0AaN/kTetfOgaUujDwBnyLD5Mi3CswjSMbDFp8=" Size="30092"/><Block Hash="Y/GAwe1x+0coxC/eAUxcOGa91GVray1KzbyJI2NK0ow=" Size="29507"/><Block Hash="BPffc1+H9a+YGafmTRpHqXMvV+N6euCprndA7x6hwvI=" Size="30328"/><Block Hash="61d2aC9xAlStRwgI2do4b/We4dnDaHriBedv9h5bMs0=" Size="30778"/><Block Hash="YFdgTwNdZFM1GRzv/bWmxlcsLT0+qSCsHs0xkz6MSfE=" Size="31244"/><Block Hash="leZA0YVeLMyLhgmt+8RF6h7+VWirZf2ryYw5Jv47hrQ=" Size="27356"/><Block Hash="sLLLpxGxSOkSn5QQ0w86eTzXjnYvGpGI2wAv8pscLl8=" Size="32154"/><Block Hash="operBYXTMIeTOiXogGXxdOjJaxpnIxNWjb63Q1UNMvo=" Size="30698"/><Block Hash="B9vKvxePOqCD2EVH197yIDAq95PuqCVBi96Ua53l6+E=" Size="29766"/><Block Hash="T15DOGENnRD8xeP1K9dqjnb5U8j8amSU78tBO9pPp0g=" Size="32218"/><Block Hash="jH9THtD6zTWvrS0qF6QGKwnQH+R9oOWJzR0z7N00D6Q=" Size="24709"/><Block Hash="RG2IESuDQf9fNDyJOtEMGCbL6y9CfVmVun+Dt28I6jk=" Size="31111"/><Block Hash="4Q3v7u5t+T3ZDyNgkT8XOhTHTyh9sTsjFWOue/9ELTQ=" Size="30347"/><Block Hash="LkhNXuIcwW9UmYB9EM5RSmC4v8gQhXc8QzQ81/AN7fY=" Size="31605"/><Block Hash="i1kMzfa7fTAaSGYeVvDrQMaRqCqw07pAxPrCX5hFvyQ=" Size="19930"/><Block Hash="jDgXxv60tpk7ARdfqpFtr1YSalHhW6qk5Q04nfNNaWw=" Size="27825"/><Block Hash="FZwIhzaIjZ6XmSzBhVRnJ103TSPUr5u0WPSqSXY1FAk=" Size="32439"/><Block Hash="m1lN0VMB3Kfv9FHa9R6Ch9CFwh3a8re7deFQX5+Kq+8=" Size="28862"/><Block Hash="aFg99wczTFvzTlQfUqW+e6RsWJN4L6713dkmugtxDpI=" Size="29226"/><Block Hash="sOaQOssuK0bNCQI8XfthdP1N1aKu4LO5RrLVQpCqzlE=" Size="32333"/><Block Hash="mADSIcVWgkXo5h6OsRR1By1+IGi0mHhZQeiwK9ajamc=" Size="31326"/><Block Hash="YvK6pScQaNSmXV1Uveu+NPKRIbUToR0wUwJ1KwYEmec=" Size="28917"/><Block Hash="9JJ5tXQYErHHBelNi5S1zT6CmRETHNonLslP3yYQMug=" Size="25052"/><Block Hash="uAfuEj66tIoSsmuJtDDsosViL9yjvf6fNOa4BhjyGWI=" Size="27207"/><Block Hash="PXzqXBh+UVa5OMDGxPgsSqPTSneX0SpACVPFYxV4++U=" Size="26727"/><Block Hash="fpFl1hrV9lWyh3daP2r4q1nNXmwulEFs/UBRTSImtxU=" Size="31161"/><Block Hash="D0ZCrLGXzUx05x8bkv9nrKB5YYvwccZG6JhUU1NIw6Y=" Size="27398"/><Block Hash="FQnisN+IoPIh0QBqwq+vkwxT94e3p2LpBp4rWz9cSsE=" Size="23779"/><Block Hash="LVo+vSJC01pf4BWuDhRg1GHnTfEg9v8HuhBoF4aFCJ4=" Size="22297"/><Block Hash="bIzJIOgDeKddZjNojfxgD8SSzbh6vjMiIlZAfvvGuFQ=" Size="18745"/><Block Hash="qAPEaCA/1+dkT7oJzExl2KgMgyH6xdbHN4ycuseHIp8=" Size="16505"/><Block Hash="trD7X7PQidw3Qg37KvrMEGQj2BfbjWvDaRlrsypoV/w=" Size="19957"/><Block Hash="rdiQLub0es6oBHpdV3TEhIde9CZU5C8RT6Gec+oqFs0=" Size="12255"/><Block Hash="tuOfItCH4E/WfbGHu56ZWdl0RU5s3dIu8Np5IjNSp6I=" Size="10769"/><Block Hash="nJhooaqOqqTl8fbdeo9l9WS5SKX2j6kViS4jmr3mPnk=" Size="14090"/><Block Hash="2VL0B02msEv0f2OKI8rk2+rEPaHZ/otRViELFQsaHII=" Size="35294"/><Block Hash="l4Gszi3W4fBw5uSIcx489STdloHsO5oBwGkqLy92nes=" Size="35462"/><Block Hash="EWjYguDN/St1D1HwystpwFrhb4UPI0LYg9CvhmRB2RU=" Size="34747"/><Block Hash="lo9RYKT636dTbVlFci9qDYNIlfv0SDPWnbaqZ5AN67s=" Size="24173"/><Block Hash="kZhv2qqjFs0sfBcGVQ6MFJoK7wfY9vc+5lKEbNZ/U4g=" Size="7778"/><Block Hash="27ebMtBaZZt5cfdYCVPP3ArfEMttFa8N4w7cgPN/318=" Size="3124"/><Block Hash="1E7W91QY9FxmownRvLhAiyhXXLwrwOEnwNeGKB69/mc=" Size="3638"/><Block Hash="gH6WpkmB4oSgrJa8sSOBGPf0NWLrGCzINh9qOxKl+C0=" Size="6319"/><Block Hash="6D1AXt3AtBsSUuxmrzgc2v4brz8lYzjrMWPkw9Z58C4=" Size="24265"/><Block Hash="VXJsDkjQ7bj1oPf+336xQvwiAE/1KXocBkN564qPdWo=" Size="27493"/><Block Hash="0xGpFYAv543+jWTo/9LZLsqAouuNTrkWP2u/oFMtAi4=" Size="2824"/><b4:FileHash Hash="TE42F+Sbhzxo9EYV8ukrE2C8rtKT/1T39UE5dV2NS2g="/></File><File Name="XSD\AppInstallerUXTypesSchema.xsd" Size="3745" LfhSize="63"><Block Hash="QLlvSc4dBZELaQOLZ+OTWtWIyKCVLvoMvQZAw4X4XM0=" Size="820"/></File><File Name="AppxManifest.xml" Size="10986" LfhSize="46"><Block Hash="WzzWttVxz4Ih2kzaneIYcDahUo5JkOO1kVm/VUPlAvw=" Size="2741"/></File></BlockMap>